step,step_divided,persistent_count,persistent_ratio
0,0.0,512,1.0
1,0.06666666666666667,512,1.0
2,0.13333333333333333,512,1.0
3,0.2,512,1.0
4,0.26666666666666666,512,1.0
5,0.3333333333333333,512,1.0
6,0.4,512,1.0
7,0.4666666666666667,512,1.0
8,0.5333333333333333,512,1.0
9,0.6,512,1.0
10,0.6666666666666666,512,1.0
11,0.7333333333333333,512,1.0
12,0.8,512,1.0
13,0.8666666666666667,512,1.0
14,0.9333333333333333,512,1.0
15,1.0,512,1.0
16,1.0666666666666667,512,1.0
17,1.1333333333333333,511,0.998046875
18,1.2,511,0.998046875
19,1.2666666666666666,511,0.998046875
20,1.3333333333333333,511,0.998046875
21,1.4,511,0.998046875
22,1.4666666666666666,511,0.998046875
23,1.5333333333333334,511,0.998046875
24,1.6,511,0.998046875
25,1.6666666666666667,511,0.998046875
26,1.7333333333333334,511,0.998046875
27,1.8,511,0.998046875
28,1.8666666666666667,511,0.998046875
29,1.9333333333333333,511,0.998046875
30,2.0,511,0.998046875
31,2.066666666666667,509,0.994140625
32,2.1333333333333333,509,0.994140625
33,2.2,508,0.9921875
34,2.2666666666666666,506,0.98828125
35,2.3333333333333335,506,0.98828125
36,2.4,506,0.98828125
37,2.466666666666667,506,0.98828125
38,2.533333333333333,506,0.98828125
39,2.6,505,0.986328125
40,2.6666666666666665,504,0.984375
41,2.7333333333333334,504,0.984375
42,2.8,502,0.98046875
43,2.8666666666666667,502,0.98046875
44,2.933333333333333,502,0.98046875
45,3.0,502,0.98046875
46,3.066666666666667,502,0.98046875
47,3.1333333333333333,502,0.98046875
48,3.2,502,0.98046875
49,3.2666666666666666,502,0.98046875
50,3.3333333333333335,501,0.978515625
51,3.4,501,0.978515625
52,3.466666666666667,501,0.978515625
53,3.533333333333333,501,0.978515625
54,3.6,501,0.978515625
55,3.6666666666666665,501,0.978515625
56,3.7333333333333334,501,0.978515625
57,3.8,501,0.978515625
58,3.8666666666666667,501,0.978515625
59,3.933333333333333,501,0.978515625
60,4.0,501,0.978515625
61,4.066666666666666,500,0.9765625
62,4.133333333333334,500,0.9765625
63,4.2,500,0.9765625
64,4.266666666666667,500,0.9765625
65,4.333333333333333,500,0.9765625
66,4.4,500,0.9765625
67,4.466666666666667,500,0.9765625
68,4.533333333333333,500,0.9765625
69,4.6,500,0.9765625
70,4.666666666666667,500,0.9765625
71,4.733333333333333,500,0.9765625
72,4.8,500,0.9765625
73,4.866666666666666,500,0.9765625
74,4.933333333333334,499,0.974609375
75,5.0,498,0.97265625
76,5.066666666666666,498,0.97265625
77,5.133333333333334,498,0.97265625
78,5.2,498,0.97265625
79,5.266666666666667,498,0.97265625
80,5.333333333333333,498,0.97265625
81,5.4,498,0.97265625
82,5.466666666666667,498,0.97265625
83,5.533333333333333,497,0.970703125
84,5.6,497,0.970703125
85,5.666666666666667,497,0.970703125
86,5.733333333333333,497,0.970703125
87,5.8,497,0.970703125
88,5.866666666666666,497,0.970703125
89,5.933333333333334,497,0.970703125
90,6.0,496,0.96875
91,6.066666666666666,496,0.96875
92,6.133333333333334,496,0.96875
93,6.2,496,0.96875
94,6.266666666666667,496,0.96875
95,6.333333333333333,496,0.96875
96,6.4,496,0.96875
97,6.466666666666667,496,0.96875
98,6.533333333333333,496,0.96875
99,6.6,496,0.96875
100,6.666666666666667,496,0.96875
101,6.733333333333333,496,0.96875
102,6.8,496,0.96875
103,6.866666666666666,496,0.96875
104,6.933333333333334,496,0.96875
105,7.0,495,0.966796875
106,7.066666666666666,494,0.96484375
107,7.133333333333334,494,0.96484375
108,7.2,494,0.96484375
109,7.266666666666667,494,0.96484375
110,7.333333333333333,494,0.96484375
111,7.4,494,0.96484375
112,7.466666666666667,494,0.96484375
113,7.533333333333333,494,0.96484375
114,7.6,494,0.96484375
115,7.666666666666667,494,0.96484375
116,7.733333333333333,494,0.96484375
117,7.8,493,0.962890625
118,7.866666666666666,493,0.962890625
119,7.933333333333334,493,0.962890625
120,8.0,492,0.9609375
121,8.066666666666666,491,0.958984375
122,8.133333333333333,490,0.95703125
123,8.2,490,0.95703125
124,8.266666666666667,490,0.95703125
125,8.333333333333334,490,0.95703125
126,8.4,490,0.95703125
127,8.466666666666667,490,0.95703125
128,8.533333333333333,490,0.95703125
129,8.6,490,0.95703125
130,8.666666666666666,490,0.95703125
131,8.733333333333333,490,0.95703125
132,8.8,490,0.95703125
133,8.866666666666667,490,0.95703125
134,8.933333333333334,490,0.95703125
135,9.0,490,0.95703125
136,9.066666666666666,490,0.95703125
137,9.133333333333333,490,0.95703125
138,9.2,490,0.95703125
139,9.266666666666667,489,0.955078125
140,9.333333333333334,489,0.955078125
141,9.4,489,0.955078125
142,9.466666666666667,488,0.953125
143,9.533333333333333,488,0.953125
144,9.6,488,0.953125
145,9.666666666666666,488,0.953125
146,9.733333333333333,487,0.951171875
147,9.8,487,0.951171875
148,9.866666666666667,487,0.951171875
149,9.933333333333334,486,0.94921875
150,10.0,485,0.947265625
151,10.066666666666666,485,0.947265625
152,10.133333333333333,484,0.9453125
153,10.2,484,0.9453125
154,10.266666666666667,484,0.9453125
155,10.333333333333334,484,0.9453125
156,10.4,484,0.9453125
157,10.466666666666667,484,0.9453125
158,10.533333333333333,484,0.9453125
159,10.6,483,0.943359375
160,10.666666666666666,483,0.943359375
161,10.733333333333333,483,0.943359375
162,10.8,483,0.943359375
163,10.866666666666667,483,0.943359375
164,10.933333333333334,483,0.943359375
165,11.0,483,0.943359375
166,11.066666666666666,483,0.943359375
167,11.133333333333333,483,0.943359375
168,11.2,483,0.943359375
169,11.266666666666667,483,0.943359375
170,11.333333333333334,483,0.943359375
171,11.4,483,0.943359375
172,11.466666666666667,483,0.943359375
173,11.533333333333333,483,0.943359375
174,11.6,483,0.943359375
175,11.666666666666666,483,0.943359375
176,11.733333333333333,483,0.943359375
177,11.8,483,0.943359375
178,11.866666666666667,483,0.943359375
179,11.933333333333334,483,0.943359375
180,12.0,483,0.943359375
181,12.066666666666666,483,0.943359375
182,12.133333333333333,482,0.94140625
183,12.2,482,0.94140625
184,12.266666666666667,482,0.94140625
185,12.333333333333334,482,0.94140625
186,12.4,482,0.94140625
187,12.466666666666667,482,0.94140625
188,12.533333333333333,482,0.94140625
189,12.6,482,0.94140625
190,12.666666666666666,482,0.94140625
191,12.733333333333333,482,0.94140625
192,12.8,482,0.94140625
193,12.866666666666667,482,0.94140625
194,12.933333333333334,482,0.94140625
195,13.0,480,0.9375
196,13.066666666666666,480,0.9375
197,13.133333333333333,480,0.9375
198,13.2,480,0.9375
199,13.266666666666667,480,0.9375
200,13.333333333333334,480,0.9375
201,13.4,480,0.9375
202,13.466666666666667,480,0.9375
203,13.533333333333333,480,0.9375
204,13.6,479,0.935546875
205,13.666666666666666,479,0.935546875
206,13.733333333333333,479,0.935546875
207,13.8,479,0.935546875
208,13.866666666666667,479,0.935546875
209,13.933333333333334,478,0.93359375
210,14.0,478,0.93359375
211,14.066666666666666,478,0.93359375
212,14.133333333333333,478,0.93359375
213,14.2,478,0.93359375
214,14.266666666666667,478,0.93359375
215,14.333333333333334,478,0.93359375
216,14.4,478,0.93359375
217,14.466666666666667,478,0.93359375
218,14.533333333333333,478,0.93359375
219,14.6,478,0.93359375
220,14.666666666666666,477,0.931640625
221,14.733333333333333,477,0.931640625
222,14.8,477,0.931640625
223,14.866666666666667,477,0.931640625
224,14.933333333333334,477,0.931640625
225,15.0,477,0.931640625
226,15.066666666666666,477,0.931640625
227,15.133333333333333,477,0.931640625
228,15.2,477,0.931640625
229,15.266666666666667,477,0.931640625
230,15.333333333333334,477,0.931640625
231,15.4,477,0.931640625
232,15.466666666666667,477,0.931640625
233,15.533333333333333,477,0.931640625
234,15.6,477,0.931640625
235,15.666666666666666,477,0.931640625
236,15.733333333333333,477,0.931640625
237,15.8,477,0.931640625
238,15.866666666666667,477,0.931640625
239,15.933333333333334,477,0.931640625
240,16.0,477,0.931640625
241,16.066666666666666,477,0.931640625
242,16.133333333333333,476,0.9296875
243,16.2,476,0.9296875
244,16.266666666666666,476,0.9296875
245,16.333333333333332,476,0.9296875
246,16.4,476,0.9296875
247,16.466666666666665,476,0.9296875
248,16.533333333333335,476,0.9296875
249,16.6,476,0.9296875
250,16.666666666666668,476,0.9296875
251,16.733333333333334,476,0.9296875
252,16.8,476,0.9296875
253,16.866666666666667,475,0.927734375
254,16.933333333333334,475,0.927734375
255,17.0,475,0.927734375
256,17.066666666666666,475,0.927734375
257,17.133333333333333,475,0.927734375
258,17.2,475,0.927734375
259,17.266666666666666,475,0.927734375
260,17.333333333333332,475,0.927734375
261,17.4,475,0.927734375
262,17.466666666666665,475,0.927734375
263,17.533333333333335,475,0.927734375
264,17.6,475,0.927734375
265,17.666666666666668,475,0.927734375
266,17.733333333333334,475,0.927734375
267,17.8,475,0.927734375
268,17.866666666666667,475,0.927734375
269,17.933333333333334,475,0.927734375
270,18.0,475,0.927734375
271,18.066666666666666,475,0.927734375
272,18.133333333333333,475,0.927734375
273,18.2,475,0.927734375
274,18.266666666666666,475,0.927734375
275,18.333333333333332,475,0.927734375
276,18.4,475,0.927734375
277,18.466666666666665,475,0.927734375
278,18.533333333333335,474,0.92578125
279,18.6,474,0.92578125
280,18.666666666666668,473,0.923828125
281,18.733333333333334,472,0.921875
282,18.8,472,0.921875
283,18.866666666666667,472,0.921875
284,18.933333333333334,472,0.921875
285,19.0,472,0.921875
286,19.066666666666666,472,0.921875
287,19.133333333333333,472,0.921875
288,19.2,472,0.921875
289,19.266666666666666,472,0.921875
290,19.333333333333332,472,0.921875
291,19.4,472,0.921875
292,19.466666666666665,471,0.919921875
293,19.533333333333335,471,0.919921875
294,19.6,471,0.919921875
295,19.666666666666668,471,0.919921875
296,19.733333333333334,471,0.919921875
297,19.8,471,0.919921875
298,19.866666666666667,471,0.919921875
299,19.933333333333334,471,0.919921875
300,20.0,470,0.91796875
301,20.066666666666666,470,0.91796875
302,20.133333333333333,469,0.916015625
303,20.2,469,0.916015625
304,20.266666666666666,469,0.916015625
305,20.333333333333332,469,0.916015625
306,20.4,469,0.916015625
307,20.466666666666665,468,0.9140625
308,20.533333333333335,468,0.9140625
309,20.6,468,0.9140625
310,20.666666666666668,467,0.912109375
311,20.733333333333334,466,0.91015625
312,20.8,466,0.91015625
313,20.866666666666667,466,0.91015625
314,20.933333333333334,466,0.91015625
315,21.0,466,0.91015625
316,21.066666666666666,466,0.91015625
317,21.133333333333333,466,0.91015625
318,21.2,466,0.91015625
319,21.266666666666666,465,0.908203125
320,21.333333333333332,465,0.908203125
321,21.4,465,0.908203125
322,21.466666666666665,465,0.908203125
323,21.533333333333335,463,0.904296875
324,21.6,463,0.904296875
325,21.666666666666668,463,0.904296875
326,21.733333333333334,463,0.904296875
327,21.8,463,0.904296875
328,21.866666666666667,462,0.90234375
329,21.933333333333334,462,0.90234375
330,22.0,461,0.900390625
331,22.066666666666666,461,0.900390625
332,22.133333333333333,461,0.900390625
333,22.2,461,0.900390625
334,22.266666666666666,461,0.900390625
335,22.333333333333332,461,0.900390625
336,22.4,461,0.900390625
337,22.466666666666665,461,0.900390625
338,22.533333333333335,461,0.900390625
339,22.6,461,0.900390625
340,22.666666666666668,461,0.900390625
341,22.733333333333334,461,0.900390625
342,22.8,461,0.900390625
343,22.866666666666667,461,0.900390625
344,22.933333333333334,461,0.900390625
345,23.0,461,0.900390625
346,23.066666666666666,461,0.900390625
347,23.133333333333333,461,0.900390625
348,23.2,460,0.8984375
349,23.266666666666666,458,0.89453125
350,23.333333333333332,457,0.892578125
351,23.4,457,0.892578125
352,23.466666666666665,457,0.892578125
353,23.533333333333335,457,0.892578125
354,23.6,456,0.890625
355,23.666666666666668,456,0.890625
356,23.733333333333334,456,0.890625
357,23.8,456,0.890625
358,23.866666666666667,455,0.888671875
359,23.933333333333334,455,0.888671875
360,24.0,454,0.88671875
361,24.066666666666666,454,0.88671875
362,24.133333333333333,453,0.884765625
363,24.2,453,0.884765625
364,24.266666666666666,453,0.884765625
365,24.333333333333332,452,0.8828125
366,24.4,452,0.8828125
367,24.466666666666665,452,0.8828125
368,24.533333333333335,452,0.8828125
369,24.6,452,0.8828125
370,24.666666666666668,452,0.8828125
371,24.733333333333334,452,0.8828125
372,24.8,451,0.880859375
373,24.866666666666667,451,0.880859375
374,24.933333333333334,451,0.880859375
375,25.0,451,0.880859375
376,25.066666666666666,451,0.880859375
377,25.133333333333333,451,0.880859375
378,25.2,451,0.880859375
379,25.266666666666666,451,0.880859375
380,25.333333333333332,451,0.880859375
381,25.4,451,0.880859375
382,25.466666666666665,451,0.880859375
383,25.533333333333335,451,0.880859375
384,25.6,451,0.880859375
385,25.666666666666668,451,0.880859375
386,25.733333333333334,451,0.880859375
387,25.8,451,0.880859375
388,25.866666666666667,451,0.880859375
389,25.933333333333334,450,0.87890625
390,26.0,450,0.87890625
391,26.066666666666666,450,0.87890625
392,26.133333333333333,450,0.87890625
393,26.2,450,0.87890625
394,26.266666666666666,450,0.87890625
395,26.333333333333332,450,0.87890625
396,26.4,450,0.87890625
397,26.466666666666665,450,0.87890625
398,26.533333333333335,450,0.87890625
399,26.6,450,0.87890625
400,26.666666666666668,450,0.87890625
401,26.733333333333334,450,0.87890625
402,26.8,449,0.876953125
403,26.866666666666667,449,0.876953125
404,26.933333333333334,449,0.876953125
405,27.0,449,0.876953125
406,27.066666666666666,449,0.876953125
407,27.133333333333333,449,0.876953125
408,27.2,449,0.876953125
409,27.266666666666666,448,0.875
410,27.333333333333332,448,0.875
411,27.4,448,0.875
412,27.466666666666665,448,0.875
413,27.533333333333335,448,0.875
414,27.6,447,0.873046875
415,27.666666666666668,447,0.873046875
416,27.733333333333334,447,0.873046875
417,27.8,447,0.873046875
418,27.866666666666667,447,0.873046875
419,27.933333333333334,447,0.873046875
420,28.0,447,0.873046875
421,28.066666666666666,447,0.873046875
422,28.133333333333333,446,0.87109375
423,28.2,446,0.87109375
424,28.266666666666666,444,0.8671875
425,28.333333333333332,444,0.8671875
426,28.4,444,0.8671875
427,28.466666666666665,444,0.8671875
428,28.533333333333335,443,0.865234375
429,28.6,443,0.865234375
430,28.666666666666668,443,0.865234375
431,28.733333333333334,443,0.865234375
432,28.8,443,0.865234375
433,28.866666666666667,441,0.861328125
434,28.933333333333334,441,0.861328125
435,29.0,441,0.861328125
436,29.066666666666666,441,0.861328125
437,29.133333333333333,440,0.859375
438,29.2,440,0.859375
439,29.266666666666666,440,0.859375
440,29.333333333333332,440,0.859375
441,29.4,440,0.859375
442,29.466666666666665,440,0.859375
443,29.533333333333335,440,0.859375
444,29.6,440,0.859375
445,29.666666666666668,439,0.857421875
446,29.733333333333334,439,0.857421875
447,29.8,439,0.857421875
448,29.866666666666667,439,0.857421875
449,29.933333333333334,439,0.857421875
450,30.0,439,0.857421875
451,30.066666666666666,439,0.857421875
452,30.133333333333333,439,0.857421875
453,30.2,439,0.857421875
454,30.266666666666666,439,0.857421875
455,30.333333333333332,439,0.857421875
456,30.4,439,0.857421875
457,30.466666666666665,439,0.857421875
458,30.533333333333335,439,0.857421875
459,30.6,439,0.857421875
460,30.666666666666668,439,0.857421875
461,30.733333333333334,439,0.857421875
462,30.8,439,0.857421875
463,30.866666666666667,439,0.857421875
464,30.933333333333334,439,0.857421875
465,31.0,439,0.857421875
466,31.066666666666666,439,0.857421875
467,31.133333333333333,439,0.857421875
468,31.2,439,0.857421875
469,31.266666666666666,439,0.857421875
470,31.333333333333332,439,0.857421875
471,31.4,439,0.857421875
472,31.466666666666665,439,0.857421875
473,31.533333333333335,439,0.857421875
474,31.6,439,0.857421875
475,31.666666666666668,439,0.857421875
476,31.733333333333334,439,0.857421875
477,31.8,439,0.857421875
478,31.866666666666667,439,0.857421875
479,31.933333333333334,438,0.85546875
480,32.0,438,0.85546875
481,32.06666666666667,438,0.85546875
482,32.13333333333333,438,0.85546875
483,32.2,438,0.85546875
484,32.266666666666666,438,0.85546875
485,32.333333333333336,438,0.85546875
486,32.4,438,0.85546875
487,32.46666666666667,437,0.853515625
488,32.53333333333333,437,0.853515625
489,32.6,437,0.853515625
490,32.666666666666664,437,0.853515625
491,32.733333333333334,437,0.853515625
492,32.8,437,0.853515625
493,32.86666666666667,437,0.853515625
494,32.93333333333333,437,0.853515625
495,33.0,437,0.853515625
496,33.06666666666667,437,0.853515625
497,33.13333333333333,437,0.853515625
498,33.2,437,0.853515625
499,33.266666666666666,437,0.853515625
500,33.333333333333336,437,0.853515625
501,33.4,437,0.853515625
502,33.46666666666667,437,0.853515625
503,33.53333333333333,437,0.853515625
504,33.6,437,0.853515625
505,33.666666666666664,437,0.853515625
506,33.733333333333334,437,0.853515625
507,33.8,437,0.853515625
508,33.86666666666667,437,0.853515625
509,33.93333333333333,437,0.853515625
510,34.0,437,0.853515625
511,34.06666666666667,437,0.853515625
512,34.13333333333333,437,0.853515625
513,34.2,437,0.853515625
514,34.266666666666666,437,0.853515625
515,34.333333333333336,437,0.853515625
516,34.4,437,0.853515625
517,34.46666666666667,437,0.853515625
518,34.53333333333333,437,0.853515625
519,34.6,437,0.853515625
520,34.666666666666664,437,0.853515625
521,34.733333333333334,437,0.853515625
522,34.8,437,0.853515625
523,34.86666666666667,437,0.853515625
524,34.93333333333333,436,0.8515625
525,35.0,436,0.8515625
526,35.06666666666667,436,0.8515625
527,35.13333333333333,436,0.8515625
528,35.2,435,0.849609375
529,35.266666666666666,435,0.849609375
530,35.333333333333336,435,0.849609375
531,35.4,435,0.849609375
532,35.46666666666667,435,0.849609375
533,35.53333333333333,435,0.849609375
534,35.6,435,0.849609375
535,35.666666666666664,435,0.849609375
536,35.733333333333334,435,0.849609375
537,35.8,435,0.849609375
538,35.86666666666667,435,0.849609375
539,35.93333333333333,435,0.849609375
540,36.0,435,0.849609375
541,36.06666666666667,435,0.849609375
542,36.13333333333333,435,0.849609375
543,36.2,435,0.849609375
544,36.266666666666666,435,0.849609375
545,36.333333333333336,435,0.849609375
546,36.4,435,0.849609375
547,36.46666666666667,435,0.849609375
548,36.53333333333333,435,0.849609375
549,36.6,435,0.849609375
550,36.666666666666664,435,0.849609375
551,36.733333333333334,435,0.849609375
552,36.8,435,0.849609375
553,36.86666666666667,435,0.849609375
554,36.93333333333333,435,0.849609375
555,37.0,435,0.849609375
556,37.06666666666667,435,0.849609375
557,37.13333333333333,435,0.849609375
558,37.2,435,0.849609375
559,37.266666666666666,435,0.849609375
560,37.333333333333336,435,0.849609375
561,37.4,435,0.849609375
562,37.46666666666667,435,0.849609375
563,37.53333333333333,435,0.849609375
564,37.6,435,0.849609375
565,37.666666666666664,435,0.849609375
566,37.733333333333334,435,0.849609375
567,37.8,435,0.849609375
568,37.86666666666667,435,0.849609375
569,37.93333333333333,435,0.849609375
570,38.0,435,0.849609375
571,38.06666666666667,435,0.849609375
572,38.13333333333333,435,0.849609375
573,38.2,435,0.849609375
574,38.266666666666666,435,0.849609375
575,38.333333333333336,435,0.849609375
576,38.4,434,0.84765625
577,38.46666666666667,434,0.84765625
578,38.53333333333333,434,0.84765625
579,38.6,434,0.84765625
580,38.666666666666664,434,0.84765625
581,38.733333333333334,434,0.84765625
582,38.8,434,0.84765625
583,38.86666666666667,434,0.84765625
584,38.93333333333333,434,0.84765625
585,39.0,434,0.84765625
586,39.06666666666667,433,0.845703125
587,39.13333333333333,432,0.84375
588,39.2,432,0.84375
589,39.266666666666666,432,0.84375
590,39.333333333333336,432,0.84375
591,39.4,432,0.84375
592,39.46666666666667,432,0.84375
593,39.53333333333333,432,0.84375
594,39.6,432,0.84375
595,39.666666666666664,432,0.84375
596,39.733333333333334,432,0.84375
597,39.8,432,0.84375
598,39.86666666666667,432,0.84375
599,39.93333333333333,432,0.84375
600,40.0,432,0.84375
601,40.06666666666667,432,0.84375
602,40.13333333333333,432,0.84375
603,40.2,432,0.84375
604,40.266666666666666,432,0.84375
605,40.333333333333336,432,0.84375
606,40.4,432,0.84375
607,40.46666666666667,432,0.84375
608,40.53333333333333,432,0.84375
609,40.6,432,0.84375
610,40.666666666666664,432,0.84375
611,40.733333333333334,432,0.84375
612,40.8,432,0.84375
613,40.86666666666667,432,0.84375
614,40.93333333333333,431,0.841796875
615,41.0,431,0.841796875
616,41.06666666666667,431,0.841796875
617,41.13333333333333,431,0.841796875
618,41.2,431,0.841796875
619,41.266666666666666,430,0.83984375
620,41.333333333333336,430,0.83984375
621,41.4,430,0.83984375
622,41.46666666666667,430,0.83984375
623,41.53333333333333,430,0.83984375
624,41.6,430,0.83984375
625,41.666666666666664,430,0.83984375
626,41.733333333333334,430,0.83984375
627,41.8,430,0.83984375
628,41.86666666666667,430,0.83984375
629,41.93333333333333,430,0.83984375
630,42.0,430,0.83984375
631,42.06666666666667,430,0.83984375
632,42.13333333333333,430,0.83984375
633,42.2,430,0.83984375
634,42.266666666666666,429,0.837890625
635,42.333333333333336,429,0.837890625
636,42.4,429,0.837890625
637,42.46666666666667,429,0.837890625
638,42.53333333333333,429,0.837890625
639,42.6,429,0.837890625
640,42.666666666666664,428,0.8359375
641,42.733333333333334,428,0.8359375
642,42.8,428,0.8359375
643,42.86666666666667,428,0.8359375
644,42.93333333333333,428,0.8359375
645,43.0,428,0.8359375
646,43.06666666666667,428,0.8359375
647,43.13333333333333,428,0.8359375
648,43.2,428,0.8359375
649,43.266666666666666,428,0.8359375
650,43.333333333333336,428,0.8359375
651,43.4,428,0.8359375
652,43.46666666666667,428,0.8359375
653,43.53333333333333,428,0.8359375
654,43.6,428,0.8359375
655,43.666666666666664,428,0.8359375
656,43.733333333333334,428,0.8359375
657,43.8,428,0.8359375
658,43.86666666666667,428,0.8359375
659,43.93333333333333,428,0.8359375
660,44.0,428,0.8359375
661,44.06666666666667,426,0.83203125
662,44.13333333333333,426,0.83203125
663,44.2,425,0.830078125
664,44.266666666666666,425,0.830078125
665,44.333333333333336,425,0.830078125
666,44.4,424,0.828125
667,44.46666666666667,424,0.828125
668,44.53333333333333,424,0.828125
669,44.6,424,0.828125
670,44.666666666666664,424,0.828125
671,44.733333333333334,424,0.828125
672,44.8,424,0.828125
673,44.86666666666667,424,0.828125
674,44.93333333333333,424,0.828125
675,45.0,424,0.828125
676,45.06666666666667,424,0.828125
677,45.13333333333333,424,0.828125
678,45.2,424,0.828125
679,45.266666666666666,424,0.828125
680,45.333333333333336,424,0.828125
681,45.4,424,0.828125
682,45.46666666666667,424,0.828125
683,45.53333333333333,423,0.826171875
684,45.6,423,0.826171875
685,45.666666666666664,423,0.826171875
686,45.733333333333334,423,0.826171875
687,45.8,423,0.826171875
688,45.86666666666667,423,0.826171875
689,45.93333333333333,423,0.826171875
690,46.0,423,0.826171875
691,46.06666666666667,423,0.826171875
692,46.13333333333333,423,0.826171875
693,46.2,423,0.826171875
694,46.266666666666666,423,0.826171875
695,46.333333333333336,423,0.826171875
696,46.4,422,0.82421875
697,46.46666666666667,422,0.82421875
698,46.53333333333333,422,0.82421875
699,46.6,422,0.82421875
700,46.666666666666664,422,0.82421875
701,46.733333333333334,421,0.822265625
702,46.8,421,0.822265625
703,46.86666666666667,421,0.822265625
704,46.93333333333333,421,0.822265625
705,47.0,421,0.822265625
706,47.06666666666667,421,0.822265625
707,47.13333333333333,421,0.822265625
708,47.2,421,0.822265625
709,47.266666666666666,421,0.822265625
710,47.333333333333336,421,0.822265625
711,47.4,421,0.822265625
712,47.46666666666667,421,0.822265625
713,47.53333333333333,421,0.822265625
714,47.6,421,0.822265625
715,47.666666666666664,421,0.822265625
716,47.733333333333334,421,0.822265625
717,47.8,421,0.822265625
718,47.86666666666667,421,0.822265625
719,47.93333333333333,421,0.822265625
720,48.0,421,0.822265625
721,48.06666666666667,421,0.822265625
722,48.13333333333333,421,0.822265625
723,48.2,421,0.822265625
724,48.266666666666666,421,0.822265625
725,48.333333333333336,421,0.822265625
726,48.4,421,0.822265625
727,48.46666666666667,421,0.822265625
728,48.53333333333333,421,0.822265625
729,48.6,421,0.822265625
730,48.666666666666664,420,0.8203125
731,48.733333333333334,420,0.8203125
732,48.8,420,0.8203125
733,48.86666666666667,420,0.8203125
734,48.93333333333333,420,0.8203125
735,49.0,419,0.818359375
736,49.06666666666667,419,0.818359375
737,49.13333333333333,419,0.818359375
738,49.2,418,0.81640625
739,49.266666666666666,418,0.81640625
740,49.333333333333336,418,0.81640625
741,49.4,418,0.81640625
742,49.46666666666667,418,0.81640625
743,49.53333333333333,418,0.81640625
744,49.6,418,0.81640625
745,49.666666666666664,418,0.81640625
746,49.733333333333334,417,0.814453125
747,49.8,417,0.814453125
748,49.86666666666667,417,0.814453125
749,49.93333333333333,417,0.814453125
750,50.0,417,0.814453125
751,50.06666666666667,417,0.814453125
752,50.13333333333333,417,0.814453125
753,50.2,416,0.8125
754,50.266666666666666,416,0.8125
755,50.333333333333336,416,0.8125
756,50.4,416,0.8125
757,50.46666666666667,416,0.8125
758,50.53333333333333,416,0.8125
759,50.6,416,0.8125
760,50.666666666666664,416,0.8125
761,50.733333333333334,416,0.8125
762,50.8,416,0.8125
763,50.86666666666667,415,0.810546875
764,50.93333333333333,415,0.810546875
765,51.0,414,0.80859375
766,51.06666666666667,414,0.80859375
767,51.13333333333333,414,0.80859375
768,51.2,414,0.80859375
769,51.266666666666666,414,0.80859375
770,51.333333333333336,414,0.80859375
771,51.4,413,0.806640625
772,51.46666666666667,413,0.806640625
773,51.53333333333333,413,0.806640625
774,51.6,413,0.806640625
775,51.666666666666664,413,0.806640625
776,51.733333333333334,413,0.806640625
777,51.8,413,0.806640625
778,51.86666666666667,413,0.806640625
779,51.93333333333333,412,0.8046875
780,52.0,412,0.8046875
781,52.06666666666667,411,0.802734375
782,52.13333333333333,411,0.802734375
783,52.2,411,0.802734375
784,52.266666666666666,411,0.802734375
785,52.333333333333336,410,0.80078125
786,52.4,410,0.80078125
787,52.46666666666667,410,0.80078125
788,52.53333333333333,410,0.80078125
789,52.6,410,0.80078125
790,52.666666666666664,409,0.798828125
791,52.733333333333334,409,0.798828125
792,52.8,409,0.798828125
793,52.86666666666667,409,0.798828125
794,52.93333333333333,408,0.796875
795,53.0,408,0.796875
796,53.06666666666667,408,0.796875
797,53.13333333333333,408,0.796875
798,53.2,408,0.796875
799,53.266666666666666,407,0.794921875
800,53.333333333333336,407,0.794921875
801,53.4,407,0.794921875
802,53.46666666666667,407,0.794921875
803,53.53333333333333,407,0.794921875
804,53.6,407,0.794921875
805,53.666666666666664,407,0.794921875
806,53.733333333333334,407,0.794921875
807,53.8,407,0.794921875
808,53.86666666666667,407,0.794921875
809,53.93333333333333,407,0.794921875
810,54.0,407,0.794921875
811,54.06666666666667,407,0.794921875
812,54.13333333333333,407,0.794921875
813,54.2,406,0.79296875
814,54.266666666666666,406,0.79296875
815,54.333333333333336,405,0.791015625
816,54.4,405,0.791015625
817,54.46666666666667,405,0.791015625
818,54.53333333333333,405,0.791015625
819,54.6,405,0.791015625
820,54.666666666666664,405,0.791015625
821,54.733333333333334,405,0.791015625
822,54.8,405,0.791015625
823,54.86666666666667,405,0.791015625
824,54.93333333333333,405,0.791015625
825,55.0,405,0.791015625
826,55.06666666666667,405,0.791015625
827,55.13333333333333,405,0.791015625
828,55.2,404,0.7890625
829,55.266666666666666,404,0.7890625
830,55.333333333333336,404,0.7890625
831,55.4,404,0.7890625
832,55.46666666666667,403,0.787109375
833,55.53333333333333,403,0.787109375
834,55.6,403,0.787109375
835,55.666666666666664,403,0.787109375
836,55.733333333333334,403,0.787109375
837,55.8,403,0.787109375
838,55.86666666666667,403,0.787109375
839,55.93333333333333,403,0.787109375
840,56.0,403,0.787109375
841,56.06666666666667,403,0.787109375
842,56.13333333333333,402,0.78515625
843,56.2,402,0.78515625
844,56.266666666666666,400,0.78125
845,56.333333333333336,400,0.78125
846,56.4,400,0.78125
847,56.46666666666667,400,0.78125
848,56.53333333333333,400,0.78125
849,56.6,400,0.78125
850,56.666666666666664,400,0.78125
851,56.733333333333334,400,0.78125
852,56.8,399,0.779296875
853,56.86666666666667,399,0.779296875
854,56.93333333333333,399,0.779296875
855,57.0,399,0.779296875
856,57.06666666666667,399,0.779296875
857,57.13333333333333,398,0.77734375
858,57.2,398,0.77734375
859,57.266666666666666,398,0.77734375
860,57.333333333333336,398,0.77734375
861,57.4,398,0.77734375
862,57.46666666666667,398,0.77734375
863,57.53333333333333,398,0.77734375
864,57.6,398,0.77734375
865,57.666666666666664,398,0.77734375
866,57.733333333333334,398,0.77734375
867,57.8,398,0.77734375
868,57.86666666666667,398,0.77734375
869,57.93333333333333,398,0.77734375
870,58.0,398,0.77734375
871,58.06666666666667,397,0.775390625
872,58.13333333333333,397,0.775390625
873,58.2,397,0.775390625
874,58.266666666666666,396,0.7734375
875,58.333333333333336,396,0.7734375
876,58.4,396,0.7734375
877,58.46666666666667,396,0.7734375
878,58.53333333333333,396,0.7734375
879,58.6,396,0.7734375
880,58.666666666666664,396,0.7734375
881,58.733333333333334,394,0.76953125
882,58.8,394,0.76953125
883,58.86666666666667,394,0.76953125
884,58.93333333333333,394,0.76953125
885,59.0,394,0.76953125
886,59.06666666666667,394,0.76953125
887,59.13333333333333,394,0.76953125
888,59.2,394,0.76953125
889,59.266666666666666,394,0.76953125
890,59.333333333333336,394,0.76953125
891,59.4,394,0.76953125
892,59.46666666666667,394,0.76953125
893,59.53333333333333,394,0.76953125
894,59.6,394,0.76953125
895,59.666666666666664,393,0.767578125
896,59.733333333333334,393,0.767578125
897,59.8,393,0.767578125
898,59.86666666666667,393,0.767578125
899,59.93333333333333,393,0.767578125
900,60.0,392,0.765625
901,60.06666666666667,392,0.765625
902,60.13333333333333,392,0.765625
903,60.2,392,0.765625
904,60.266666666666666,392,0.765625
905,60.333333333333336,392,0.765625
906,60.4,392,0.765625
907,60.46666666666667,392,0.765625
908,60.53333333333333,392,0.765625
909,60.6,392,0.765625
910,60.666666666666664,392,0.765625
911,60.733333333333334,392,0.765625
912,60.8,392,0.765625
913,60.86666666666667,392,0.765625
914,60.93333333333333,392,0.765625
915,61.0,390,0.76171875
916,61.06666666666667,388,0.7578125
917,61.13333333333333,388,0.7578125
918,61.2,388,0.7578125
919,61.266666666666666,388,0.7578125
920,61.333333333333336,387,0.755859375
921,61.4,387,0.755859375
922,61.46666666666667,387,0.755859375
923,61.53333333333333,387,0.755859375
924,61.6,387,0.755859375
925,61.666666666666664,387,0.755859375
926,61.733333333333334,387,0.755859375
927,61.8,387,0.755859375
928,61.86666666666667,387,0.755859375
929,61.93333333333333,387,0.755859375
930,62.0,387,0.755859375
931,62.06666666666667,387,0.755859375
932,62.13333333333333,387,0.755859375
933,62.2,387,0.755859375
934,62.266666666666666,386,0.75390625
935,62.333333333333336,386,0.75390625
936,62.4,386,0.75390625
937,62.46666666666667,386,0.75390625
938,62.53333333333333,386,0.75390625
939,62.6,386,0.75390625
940,62.666666666666664,386,0.75390625
941,62.733333333333334,386,0.75390625
942,62.8,385,0.751953125
943,62.86666666666667,385,0.751953125
944,62.93333333333333,385,0.751953125
945,63.0,385,0.751953125
946,63.06666666666667,385,0.751953125
947,63.13333333333333,385,0.751953125
948,63.2,385,0.751953125
949,63.266666666666666,385,0.751953125
950,63.333333333333336,385,0.751953125
951,63.4,385,0.751953125
952,63.46666666666667,385,0.751953125
953,63.53333333333333,385,0.751953125
954,63.6,385,0.751953125
955,63.666666666666664,385,0.751953125
956,63.733333333333334,385,0.751953125
957,63.8,385,0.751953125
958,63.86666666666667,385,0.751953125
959,63.93333333333333,385,0.751953125
960,64.0,385,0.751953125
961,64.06666666666666,385,0.751953125
962,64.13333333333334,385,0.751953125
963,64.2,384,0.75
964,64.26666666666667,384,0.75
965,64.33333333333333,383,0.748046875
966,64.4,383,0.748046875
967,64.46666666666667,383,0.748046875
968,64.53333333333333,383,0.748046875
969,64.6,383,0.748046875
970,64.66666666666667,383,0.748046875
971,64.73333333333333,382,0.74609375
972,64.8,381,0.744140625
973,64.86666666666666,381,0.744140625
974,64.93333333333334,381,0.744140625
975,65.0,381,0.744140625
976,65.06666666666666,381,0.744140625
977,65.13333333333334,381,0.744140625
978,65.2,381,0.744140625
979,65.26666666666667,381,0.744140625
980,65.33333333333333,381,0.744140625
981,65.4,381,0.744140625
982,65.46666666666667,381,0.744140625
983,65.53333333333333,380,0.7421875
984,65.6,380,0.7421875
985,65.66666666666667,380,0.7421875
986,65.73333333333333,380,0.7421875
987,65.8,380,0.7421875
988,65.86666666666666,379,0.740234375
989,65.93333333333334,379,0.740234375
990,66.0,379,0.740234375
991,66.06666666666666,379,0.740234375
992,66.13333333333334,379,0.740234375
993,66.2,379,0.740234375
994,66.26666666666667,379,0.740234375
995,66.33333333333333,379,0.740234375
996,66.4,379,0.740234375
997,66.46666666666667,379,0.740234375
998,66.53333333333333,377,0.736328125
999,66.6,377,0.736328125
1000,66.66666666666667,377,0.736328125
1001,66.73333333333333,377,0.736328125
1002,66.8,377,0.736328125
1003,66.86666666666666,377,0.736328125
1004,66.93333333333334,377,0.736328125
1005,67.0,376,0.734375
1006,67.06666666666666,375,0.732421875
1007,67.13333333333334,375,0.732421875
1008,67.2,375,0.732421875
1009,67.26666666666667,375,0.732421875
1010,67.33333333333333,375,0.732421875
1011,67.4,374,0.73046875
1012,67.46666666666667,374,0.73046875
1013,67.53333333333333,374,0.73046875
1014,67.6,374,0.73046875
1015,67.66666666666667,373,0.728515625
1016,67.73333333333333,372,0.7265625
1017,67.8,372,0.7265625
1018,67.86666666666666,372,0.7265625
1019,67.93333333333334,372,0.7265625
1020,68.0,371,0.724609375
1021,68.06666666666666,371,0.724609375
1022,68.13333333333334,371,0.724609375
1023,68.2,371,0.724609375
1024,68.26666666666667,371,0.724609375
1025,68.33333333333333,371,0.724609375
1026,68.4,371,0.724609375
1027,68.46666666666667,371,0.724609375
1028,68.53333333333333,371,0.724609375
1029,68.6,370,0.72265625
1030,68.66666666666667,370,0.72265625
1031,68.73333333333333,370,0.72265625
1032,68.8,370,0.72265625
1033,68.86666666666666,370,0.72265625
1034,68.93333333333334,370,0.72265625
1035,69.0,370,0.72265625
1036,69.06666666666666,369,0.720703125
1037,69.13333333333334,369,0.720703125
1038,69.2,369,0.720703125
1039,69.26666666666667,368,0.71875
1040,69.33333333333333,368,0.71875
1041,69.4,368,0.71875
1042,69.46666666666667,368,0.71875
1043,69.53333333333333,368,0.71875
1044,69.6,368,0.71875
1045,69.66666666666667,368,0.71875
1046,69.73333333333333,368,0.71875
1047,69.8,368,0.71875
1048,69.86666666666666,367,0.716796875
1049,69.93333333333334,367,0.716796875
1050,70.0,367,0.716796875
1051,70.06666666666666,366,0.71484375
1052,70.13333333333334,366,0.71484375
1053,70.2,364,0.7109375
1054,70.26666666666667,364,0.7109375
1055,70.33333333333333,364,0.7109375
1056,70.4,364,0.7109375
1057,70.46666666666667,364,0.7109375
1058,70.53333333333333,364,0.7109375
1059,70.6,364,0.7109375
1060,70.66666666666667,364,0.7109375
1061,70.73333333333333,364,0.7109375
1062,70.8,364,0.7109375
1063,70.86666666666666,364,0.7109375
1064,70.93333333333334,364,0.7109375
1065,71.0,364,0.7109375
1066,71.06666666666666,364,0.7109375
1067,71.13333333333334,364,0.7109375
1068,71.2,364,0.7109375
1069,71.26666666666667,364,0.7109375
1070,71.33333333333333,362,0.70703125
1071,71.4,362,0.70703125
1072,71.46666666666667,361,0.705078125
1073,71.53333333333333,361,0.705078125
1074,71.6,361,0.705078125
1075,71.66666666666667,361,0.705078125
1076,71.73333333333333,361,0.705078125
1077,71.8,361,0.705078125
1078,71.86666666666666,361,0.705078125
1079,71.93333333333334,361,0.705078125
1080,72.0,361,0.705078125
1081,72.06666666666666,361,0.705078125
1082,72.13333333333334,360,0.703125
1083,72.2,360,0.703125
1084,72.26666666666667,360,0.703125
1085,72.33333333333333,360,0.703125
1086,72.4,359,0.701171875
1087,72.46666666666667,359,0.701171875
1088,72.53333333333333,359,0.701171875
1089,72.6,359,0.701171875
1090,72.66666666666667,359,0.701171875
1091,72.73333333333333,359,0.701171875
1092,72.8,359,0.701171875
1093,72.86666666666666,359,0.701171875
1094,72.93333333333334,359,0.701171875
1095,73.0,359,0.701171875
1096,73.06666666666666,359,0.701171875
1097,73.13333333333334,359,0.701171875
1098,73.2,359,0.701171875
1099,73.26666666666667,359,0.701171875
1100,73.33333333333333,359,0.701171875
1101,73.4,359,0.701171875
1102,73.46666666666667,358,0.69921875
1103,73.53333333333333,357,0.697265625
1104,73.6,357,0.697265625
1105,73.66666666666667,357,0.697265625
1106,73.73333333333333,356,0.6953125
1107,73.8,356,0.6953125
1108,73.86666666666666,356,0.6953125
1109,73.93333333333334,355,0.693359375
1110,74.0,355,0.693359375
1111,74.06666666666666,355,0.693359375
1112,74.13333333333334,355,0.693359375
1113,74.2,355,0.693359375
1114,74.26666666666667,355,0.693359375
1115,74.33333333333333,355,0.693359375
1116,74.4,355,0.693359375
1117,74.46666666666667,355,0.693359375
1118,74.53333333333333,355,0.693359375
1119,74.6,355,0.693359375
1120,74.66666666666667,355,0.693359375
1121,74.73333333333333,355,0.693359375
1122,74.8,353,0.689453125
1123,74.86666666666666,353,0.689453125
1124,74.93333333333334,352,0.6875
1125,75.0,351,0.685546875
1126,75.06666666666666,351,0.685546875
1127,75.13333333333334,351,0.685546875
1128,75.2,351,0.685546875
1129,75.26666666666667,351,0.685546875
1130,75.33333333333333,351,0.685546875
1131,75.4,351,0.685546875
1132,75.46666666666667,351,0.685546875
1133,75.53333333333333,351,0.685546875
1134,75.6,351,0.685546875
1135,75.66666666666667,351,0.685546875
1136,75.73333333333333,351,0.685546875
1137,75.8,351,0.685546875
1138,75.86666666666666,350,0.68359375
1139,75.93333333333334,350,0.68359375
1140,76.0,350,0.68359375
1141,76.06666666666666,349,0.681640625
1142,76.13333333333334,349,0.681640625
1143,76.2,349,0.681640625
1144,76.26666666666667,349,0.681640625
1145,76.33333333333333,349,0.681640625
1146,76.4,349,0.681640625
1147,76.46666666666667,349,0.681640625
1148,76.53333333333333,349,0.681640625
1149,76.6,349,0.681640625
1150,76.66666666666667,349,0.681640625
1151,76.73333333333333,349,0.681640625
1152,76.8,349,0.681640625
1153,76.86666666666666,349,0.681640625
1154,76.93333333333334,349,0.681640625
1155,77.0,348,0.6796875
