seed,num_steps,connected_steps,connected_ratio,ever_connected,first_connected_step,last_connected_step,num_disappear_events,first_disappear_step,final_connected,final_node_count,persistent_after_first_connection,persistent_threshold_step,always_connected
0,1201,1201,1.0,1,0,1200,0,,1,17,1,1075,1
1,1201,840,0.6994171523730225,1,0,849,2,678,0,22,0,1075,0
2,1201,1201,1.0,1,0,1200,0,,1,19,1,1075,1
3,1201,1201,1.0,1,0,1200,0,,1,23,1,1075,1
4,1201,1030,0.8576186511240633,1,0,1200,1,76,1,19,0,1075,0
5,1201,1201,1.0,1,0,1200,0,,1,16,1,1075,1
6,1201,1201,1.0,1,0,1200,0,,1,20,1,1075,1
7,1201,304,0.2531223980016653,1,0,303,1,304,0,16,0,1075,0
8,1201,1201,1.0,1,0,1200,0,,1,24,1,1075,1
9,1201,1201,1.0,1,0,1200,0,,1,20,1,1075,1
10,1201,1201,1.0,1,0,1200,0,,1,20,1,1075,1
11,1201,418,0.3480432972522898,1,0,417,1,418,0,19,0,1075,0
12,1201,1201,1.0,1,0,1200,0,,1,19,1,1075,1
13,1201,1201,1.0,1,0,1200,0,,1,23,1,1075,1
14,1201,219,0.1823480432972523,1,0,218,1,219,0,18,0,1075,0
15,1201,1201,1.0,1,0,1200,0,,1,21,1,1075,1
16,1201,1201,1.0,1,0,1200,0,,1,22,1,1075,1
17,1201,660,0.5495420482930891,1,0,659,1,660,0,20,0,1075,0
18,1201,1201,1.0,1,0,1200,0,,1,21,1,1075,1
19,1201,1201,1.0,1,0,1200,0,,1,17,1,1075,1
20,1201,1201,1.0,1,0,1200,0,,1,18,1,1075,1
21,1201,1201,1.0,1,0,1200,0,,1,20,1,1075,1
22,1201,1194,0.9941715237302248,1,0,1200,1,123,1,20,0,1075,0
23,1201,1201,1.0,1,0,1200,0,,1,23,1,1075,1
24,1201,1201,1.0,1,0,1200,0,,1,21,1,1075,1
25,1201,1201,1.0,1,0,1200,0,,1,23,1,1075,1
26,1201,1201,1.0,1,0,1200,0,,1,16,1,1075,1
27,1201,708,0.5895087427144047,1,0,707,1,708,0,23,0,1075,0
28,1201,1201,1.0,1,0,1200,0,,1,14,1,1075,1
29,1201,73,0.06078268109908409,1,0,72,1,73,0,19,0,1075,0
30,1201,1201,1.0,1,0,1200,0,,1,19,1,1075,1
31,1201,1201,1.0,1,0,1200,0,,1,15,1,1075,1
32,1201,1201,1.0,1,0,1200,0,,1,22,1,1075,1
33,1201,926,0.7710241465445462,1,0,925,1,926,0,18,0,1075,0
34,1201,1201,1.0,1,0,1200,0,,1,10,1,1075,1
35,1201,915,0.761865112406328,1,0,914,1,915,0,21,0,1075,0
36,1201,1201,1.0,1,0,1200,0,,1,20,1,1075,1
37,1201,200,0.16652789342214822,1,0,199,1,200,0,21,0,1075,0
38,1201,1201,1.0,1,0,1200,0,,1,22,1,1075,1
39,1201,1201,1.0,1,0,1200,0,,1,23,1,1075,1
40,1201,1201,1.0,1,0,1200,0,,1,20,1,1075,1
41,1201,1201,1.0,1,0,1200,0,,1,16,1,1075,1
42,1201,1201,1.0,1,0,1200,0,,1,21,1,1075,1
43,1201,1201,1.0,1,0,1200,0,,1,17,1,1075,1
44,1201,1201,1.0,1,0,1200,0,,1,15,1,1075,1
45,1201,1201,1.0,1,0,1200,0,,1,19,1,1075,1
46,1201,27,0.022481265611990008,1,0,26,1,27,0,19,0,1075,0
47,1201,1029,0.8567860116569526,1,0,1028,1,1029,0,15,0,1075,0
48,1201,1201,1.0,1,0,1200,0,,1,22,1,1075,1
49,1201,992,0.8259783513738551,1,0,1200,1,239,1,23,0,1075,0
50,1201,1201,1.0,1,0,1200,0,,1,22,1,1075,1
51,1201,317,0.2639467110741049,1,0,316,1,317,0,13,0,1075,0
52,1201,245,0.20399666944213155,1,0,244,1,245,0,19,0,1075,0
53,1201,1195,0.9950041631973355,1,0,1194,1,1195,0,21,1,1075,0
54,1201,1201,1.0,1,0,1200,0,,1,19,1,1075,1
55,1201,1113,0.9267277268942548,1,0,1112,1,1113,0,18,1,1075,0
56,1201,1201,1.0,1,0,1200,0,,1,19,1,1075,1
57,1201,1201,1.0,1,0,1200,0,,1,11,1,1075,1
58,1201,1201,1.0,1,0,1200,0,,1,23,1,1075,1
59,1201,1201,1.0,1,0,1200,0,,1,18,1,1075,1
60,1201,1201,1.0,1,0,1200,0,,1,19,1,1075,1
61,1201,1201,1.0,1,0,1200,0,,1,19,1,1075,1
62,1201,1201,1.0,1,0,1200,0,,1,18,1,1075,1
63,1201,1201,1.0,1,0,1200,0,,1,17,1,1075,1
64,1201,870,0.7243963363863447,1,0,869,1,870,0,13,0,1075,0
65,1201,1201,1.0,1,0,1200,0,,1,21,1,1075,1
66,1201,1201,1.0,1,0,1200,0,,1,20,1,1075,1
67,1201,1201,1.0,1,0,1200,0,,1,20,1,1075,1
68,1201,372,0.3097418817651957,1,0,371,1,372,0,20,0,1075,0
69,1201,705,0.5870108243130724,1,0,704,1,705,0,19,0,1075,0
70,1201,1201,1.0,1,0,1200,0,,1,21,1,1075,1
71,1201,1201,1.0,1,0,1200,0,,1,18,1,1075,1
72,1201,1085,0.9034138218151541,1,0,1084,1,1085,0,20,1,1075,0
73,1201,1201,1.0,1,0,1200,0,,1,22,1,1075,1
74,1201,522,0.43463780183180684,1,0,521,1,522,0,17,0,1075,0
75,1201,1201,1.0,1,0,1200,0,,1,18,1,1075,1
76,1201,53,0.04412989175686927,1,0,52,1,53,0,22,0,1075,0
77,1201,1201,1.0,1,0,1200,0,,1,16,1,1075,1
78,1201,1201,1.0,1,0,1200,0,,1,21,1,1075,1
79,1201,1201,1.0,1,0,1200,0,,1,13,1,1075,1
80,1201,1201,1.0,1,0,1200,0,,1,18,1,1075,1
81,1201,1201,1.0,1,0,1200,0,,1,22,1,1075,1
82,1201,1201,1.0,1,0,1200,0,,1,20,1,1075,1
83,1201,785,0.6536219816819318,1,0,784,1,785,0,18,0,1075,0
84,1201,811,0.675270607826811,1,0,810,1,811,0,22,0,1075,0
85,1201,1201,1.0,1,0,1200,0,,1,21,1,1075,1
86,1201,1201,1.0,1,0,1200,0,,1,23,1,1075,1
87,1201,1201,1.0,1,0,1200,0,,1,18,1,1075,1
88,1201,460,0.38301415487094087,1,0,459,1,460,0,17,0,1075,0
89,1201,106,0.08825978351373855,1,0,105,1,106,0,20,0,1075,0
90,1201,406,0.33805162364696084,1,0,405,1,406,0,22,0,1075,0
91,1201,1201,1.0,1,0,1200,0,,1,20,1,1075,1
92,1201,818,0.6810990840965861,1,0,817,1,818,0,20,0,1075,0
93,1201,257,0.21398834304746045,1,0,1127,3,22,0,22,0,1075,0
94,1201,1201,1.0,1,0,1200,0,,1,19,1,1075,1
95,1201,1201,1.0,1,0,1200,0,,1,20,1,1075,1
96,1201,1201,1.0,1,0,1200,0,,1,22,1,1075,1
97,1201,1201,1.0,1,0,1200,0,,1,22,1,1075,1
98,1201,1201,1.0,1,0,1200,0,,1,20,1,1075,1
99,1201,91,0.07577019150707744,1,0,90,1,91,0,19,0,1075,0
100,1201,1201,1.0,1,0,1200,0,,1,20,1,1075,1
101,1201,467,0.38884263114071604,1,0,466,1,467,0,20,0,1075,0
102,1201,1201,1.0,1,0,1200,0,,1,21,1,1075,1
103,1201,853,0.7102414654454621,1,0,852,1,853,0,14,0,1075,0
104,1201,1201,1.0,1,0,1200,0,,1,21,1,1075,1
105,1201,1201,1.0,1,0,1200,0,,1,19,1,1075,1
106,1201,282,0.23480432972522897,1,0,281,1,282,0,19,0,1075,0
107,1201,1201,1.0,1,0,1200,0,,1,20,1,1075,1
108,1201,1201,1.0,1,0,1200,0,,1,20,1,1075,1
109,1201,94,0.07826810990840966,1,0,93,1,94,0,20,0,1075,0
110,1201,1201,1.0,1,0,1200,0,,1,20,1,1075,1
111,1201,1201,1.0,1,0,1200,0,,1,17,1,1075,1
112,1201,502,0.417985012489592,1,0,501,1,502,0,23,0,1075,0
113,1201,1201,1.0,1,0,1200,0,,1,19,1,1075,1
114,1201,1137,0.9467110741049126,1,0,1136,1,1137,0,19,1,1075,0
115,1201,1201,1.0,1,0,1200,0,,1,20,1,1075,1
116,1201,1201,1.0,1,0,1200,0,,1,22,1,1075,1
117,1201,1201,1.0,1,0,1200,0,,1,21,1,1075,1
118,1201,387,0.3222314737718568,1,0,386,1,387,0,19,0,1075,0
119,1201,1201,1.0,1,0,1200,0,,1,17,1,1075,1
120,1201,1201,1.0,1,0,1200,0,,1,9,1,1075,1
121,1201,1201,1.0,1,0,1200,0,,1,22,1,1075,1
122,1201,1201,1.0,1,0,1200,0,,1,21,1,1075,1
123,1201,1201,1.0,1,0,1200,0,,1,18,1,1075,1
124,1201,542,0.45129059117402165,1,0,541,1,542,0,20,0,1075,0
125,1201,1201,1.0,1,0,1200,0,,1,16,1,1075,1
126,1201,924,0.7693588676103247,1,0,923,1,924,0,19,0,1075,0
127,1201,1201,1.0,1,0,1200,0,,1,20,1,1075,1
128,1201,1201,1.0,1,0,1200,0,,1,20,1,1075,1
129,1201,1201,1.0,1,0,1200,0,,1,19,1,1075,1
130,1201,1201,1.0,1,0,1200,0,,1,12,1,1075,1
131,1201,1201,1.0,1,0,1200,0,,1,20,1,1075,1
132,1201,1201,1.0,1,0,1200,0,,1,20,1,1075,1
133,1201,1126,0.9375520399666945,1,0,1125,1,1126,0,19,1,1075,0
134,1201,1201,1.0,1,0,1200,0,,1,18,1,1075,1
135,1201,990,0.8243130724396336,1,0,989,1,990,0,21,0,1075,0
136,1201,1201,1.0,1,0,1200,0,,1,18,1,1075,1
137,1201,450,0.37468776019983346,1,0,955,3,26,0,17,0,1075,0
138,1201,363,0.302248126561199,1,0,362,1,363,0,21,0,1075,0
139,1201,1201,1.0,1,0,1200,0,,1,18,1,1075,1
140,1201,1201,1.0,1,0,1200,0,,1,19,1,1075,1
141,1201,299,0.24895920066611157,1,0,298,1,299,0,21,0,1075,0
142,1201,687,0.5720233139050791,1,0,686,1,687,0,10,0,1075,0
143,1201,1201,1.0,1,0,1200,0,,1,20,1,1075,1
144,1201,1201,1.0,1,0,1200,0,,1,23,1,1075,1
145,1201,1201,1.0,1,0,1200,0,,1,17,1,1075,1
146,1201,1201,1.0,1,0,1200,0,,1,22,1,1075,1
147,1201,1201,1.0,1,0,1200,0,,1,21,1,1075,1
148,1201,1084,0.9025811823480433,1,0,1083,1,1084,0,20,1,1075,0
149,1201,1083,0.9017485428809325,1,0,1082,1,1083,0,13,1,1075,0
150,1201,1201,1.0,1,0,1200,0,,1,24,1,1075,1
151,1201,148,0.12323064113238967,1,0,147,1,148,0,19,0,1075,0
152,1201,1201,1.0,1,0,1200,0,,1,20,1,1075,1
153,1201,1201,1.0,1,0,1200,0,,1,20,1,1075,1
154,1201,505,0.42048293089092426,1,0,504,1,505,0,19,0,1075,0
155,1201,412,0.3430474604496253,1,0,411,1,412,0,23,0,1075,0
156,1201,1201,1.0,1,0,1200,0,,1,18,1,1075,1
157,1201,1201,1.0,1,0,1200,0,,1,24,1,1075,1
158,1201,1201,1.0,1,0,1200,0,,1,20,1,1075,1
159,1201,1201,1.0,1,0,1200,0,,1,20,1,1075,1
160,1201,1201,1.0,1,0,1200,0,,1,19,1,1075,1
161,1201,1201,1.0,1,0,1200,0,,1,23,1,1075,1
162,1201,1201,1.0,1,0,1200,0,,1,19,1,1075,1
163,1201,1045,0.8701082431307244,1,0,1044,1,1045,0,21,0,1075,0
164,1201,1201,1.0,1,0,1200,0,,1,19,1,1075,1
165,1201,1201,1.0,1,0,1200,0,,1,20,1,1075,1
166,1201,1201,1.0,1,0,1200,0,,1,21,1,1075,1
167,1201,1201,1.0,1,0,1200,0,,1,22,1,1075,1
168,1201,229,0.1906744379683597,1,0,228,1,229,0,18,0,1075,0
169,1201,1201,1.0,1,0,1200,0,,1,21,1,1075,1
170,1201,1126,0.9375520399666945,1,0,1200,1,437,1,22,0,1075,0
171,1201,1201,1.0,1,0,1200,0,,1,24,1,1075,1
172,1201,1201,1.0,1,0,1200,0,,1,18,1,1075,1
173,1201,1201,1.0,1,0,1200,0,,1,10,1,1075,1
174,1201,1201,1.0,1,0,1200,0,,1,18,1,1075,1
175,1201,23,0.019150707743547043,1,0,22,1,23,0,19,0,1075,0
176,1201,1201,1.0,1,0,1200,0,,1,21,1,1075,1
177,1201,1201,1.0,1,0,1200,0,,1,23,1,1075,1
178,1201,1201,1.0,1,0,1200,0,,1,18,1,1075,1
179,1201,1201,1.0,1,0,1200,0,,1,22,1,1075,1
180,1201,1201,1.0,1,0,1200,0,,1,14,1,1075,1
181,1201,141,0.11740216486261448,1,0,541,3,74,0,21,0,1075,0
182,1201,1201,1.0,1,0,1200,0,,1,19,1,1075,1
183,1201,1201,1.0,1,0,1200,0,,1,19,1,1075,1
184,1201,1201,1.0,1,0,1200,0,,1,13,1,1075,1
185,1201,1201,1.0,1,0,1200,0,,1,19,1,1075,1
186,1201,1201,1.0,1,0,1200,0,,1,22,1,1075,1
187,1201,261,0.21731890091590342,1,0,914,3,38,0,18,0,1075,0
188,1201,1201,1.0,1,0,1200,0,,1,26,1,1075,1
189,1201,1201,1.0,1,0,1200,0,,1,19,1,1075,1
190,1201,1201,1.0,1,0,1200,0,,1,20,1,1075,1
191,1201,141,0.11740216486261448,1,0,140,1,141,0,15,0,1075,0
192,1201,1201,1.0,1,0,1200,0,,1,23,1,1075,1
193,1201,1201,1.0,1,0,1200,0,,1,24,1,1075,1
194,1201,1201,1.0,1,0,1200,0,,1,20,1,1075,1
195,1201,1201,1.0,1,0,1200,0,,1,23,1,1075,1
196,1201,1201,1.0,1,0,1200,0,,1,22,1,1075,1
197,1201,223,0.18567860116569526,1,0,949,5,23,0,20,0,1075,0
198,1201,776,0.6461282264779351,1,0,1200,1,337,1,17,0,1075,0
199,1201,1201,1.0,1,0,1200,0,,1,21,1,1075,1
200,1201,831,0.6919233971690258,1,0,830,1,831,0,22,0,1075,0
201,1201,1201,1.0,1,0,1200,0,,1,23,1,1075,1
202,1201,1201,1.0,1,0,1200,0,,1,19,1,1075,1
203,1201,1201,1.0,1,0,1200,0,,1,23,1,1075,1
204,1201,23,0.019150707743547043,1,0,22,1,23,0,19,0,1075,0
205,1201,1201,1.0,1,0,1200,0,,1,21,1,1075,1
206,1201,1201,1.0,1,0,1200,0,,1,22,1,1075,1
207,1201,1201,1.0,1,0,1200,0,,1,23,1,1075,1
208,1201,227,0.18900915903413823,1,0,364,2,178,0,14,0,1075,0
209,1201,1201,1.0,1,0,1200,0,,1,19,1,1075,1
210,1201,1201,1.0,1,0,1200,0,,1,16,1,1075,1
211,1201,575,0.4787676935886761,1,0,574,1,575,0,20,0,1075,0
212,1201,1201,1.0,1,0,1200,0,,1,21,1,1075,1
213,1201,1201,1.0,1,0,1200,0,,1,18,1,1075,1
214,1201,1201,1.0,1,0,1200,0,,1,22,1,1075,1
215,1201,1201,1.0,1,0,1200,0,,1,20,1,1075,1
216,1201,1201,1.0,1,0,1200,0,,1,17,1,1075,1
217,1201,613,0.5104079933388843,1,0,612,1,613,0,20,0,1075,0
218,1201,1201,1.0,1,0,1200,0,,1,18,1,1075,1
219,1201,1201,1.0,1,0,1200,0,,1,18,1,1075,1
220,1201,1201,1.0,1,0,1200,0,,1,21,1,1075,1
221,1201,1127,0.9383846794338052,1,0,1126,1,1127,0,18,1,1075,0
222,1201,1201,1.0,1,0,1200,0,,1,20,1,1075,1
223,1201,40,0.03330557868442964,1,0,39,1,40,0,21,0,1075,0
224,1201,874,0.7277268942547876,1,0,1200,1,178,1,23,0,1075,0
225,1201,1201,1.0,1,0,1200,0,,1,21,1,1075,1
226,1201,1120,0.93255620316403,1,0,1119,1,1120,0,21,1,1075,0
227,1201,1201,1.0,1,0,1200,0,,1,18,1,1075,1
228,1201,1201,1.0,1,0,1200,0,,1,24,1,1075,1
229,1201,1201,1.0,1,0,1200,0,,1,16,1,1075,1
230,1201,1201,1.0,1,0,1200,0,,1,20,1,1075,1
231,1201,1201,1.0,1,0,1200,0,,1,19,1,1075,1
232,1201,1201,1.0,1,0,1200,0,,1,19,1,1075,1
233,1201,614,0.511240632805995,1,0,613,1,614,0,13,0,1075,0
234,1201,1201,1.0,1,0,1200,0,,1,21,1,1075,1
235,1201,1201,1.0,1,0,1200,0,,1,19,1,1075,1
236,1201,1201,1.0,1,0,1200,0,,1,12,1,1075,1
237,1201,1201,1.0,1,0,1200,0,,1,20,1,1075,1
238,1201,1201,1.0,1,0,1200,0,,1,19,1,1075,1
239,1201,1201,1.0,1,0,1200,0,,1,22,1,1075,1
240,1201,1201,1.0,1,0,1200,0,,1,21,1,1075,1
241,1201,1201,1.0,1,0,1200,0,,1,20,1,1075,1
242,1201,1201,1.0,1,0,1200,0,,1,22,1,1075,1
243,1201,1201,1.0,1,0,1200,0,,1,19,1,1075,1
244,1201,1201,1.0,1,0,1200,0,,1,22,1,1075,1
245,1201,1201,1.0,1,0,1200,0,,1,21,1,1075,1
246,1201,1201,1.0,1,0,1200,0,,1,20,1,1075,1
247,1201,1201,1.0,1,0,1200,0,,1,15,1,1075,1
248,1201,1201,1.0,1,0,1200,0,,1,21,1,1075,1
249,1201,1201,1.0,1,0,1200,0,,1,11,1,1075,1
250,1201,1095,0.9117402164862615,1,0,1094,1,1095,0,23,1,1075,0
251,1201,841,0.7002497918401333,1,0,926,2,527,0,22,0,1075,0
252,1201,1201,1.0,1,0,1200,0,,1,21,1,1075,1
253,1201,1201,1.0,1,0,1200,0,,1,20,1,1075,1
254,1201,1201,1.0,1,0,1200,0,,1,19,1,1075,1
255,1201,1201,1.0,1,0,1200,0,,1,21,1,1075,1
256,1201,1201,1.0,1,0,1200,0,,1,21,1,1075,1
257,1201,17,0.014154870940882597,1,0,16,1,17,0,21,0,1075,0
258,1201,304,0.2531223980016653,1,0,303,1,304,0,16,0,1075,0
259,1201,1201,1.0,1,0,1200,0,,1,19,1,1075,1
260,1201,1201,1.0,1,0,1200,0,,1,14,1,1075,1
261,1201,1201,1.0,1,0,1200,0,,1,19,1,1075,1
262,1201,1201,1.0,1,0,1200,0,,1,18,1,1075,1
263,1201,1201,1.0,1,0,1200,0,,1,24,1,1075,1
264,1201,1201,1.0,1,0,1200,0,,1,17,1,1075,1
265,1201,1201,1.0,1,0,1200,0,,1,18,1,1075,1
266,1201,1201,1.0,1,0,1200,0,,1,19,1,1075,1
267,1201,1201,1.0,1,0,1200,0,,1,20,1,1075,1
268,1201,1201,1.0,1,0,1200,0,,1,19,1,1075,1
269,1201,1201,1.0,1,0,1200,0,,1,24,1,1075,1
270,1201,1201,1.0,1,0,1200,0,,1,20,1,1075,1
271,1201,1201,1.0,1,0,1200,0,,1,21,1,1075,1
272,1201,1201,1.0,1,0,1200,0,,1,21,1,1075,1
273,1201,1201,1.0,1,0,1200,0,,1,21,1,1075,1
274,1201,930,0.7743547044129891,1,0,1055,3,27,0,23,0,1075,0
275,1201,1201,1.0,1,0,1200,0,,1,20,1,1075,1
276,1201,1201,1.0,1,0,1200,0,,1,21,1,1075,1
277,1201,1201,1.0,1,0,1200,0,,1,19,1,1075,1
278,1201,1201,1.0,1,0,1200,0,,1,21,1,1075,1
279,1201,1201,1.0,1,0,1200,0,,1,15,1,1075,1
280,1201,1201,1.0,1,0,1200,0,,1,23,1,1075,1
281,1201,1201,1.0,1,0,1200,0,,1,20,1,1075,1
282,1201,1201,1.0,1,0,1200,0,,1,23,1,1075,1
283,1201,1201,1.0,1,0,1200,0,,1,22,1,1075,1
284,1201,1143,0.951706910907577,1,0,1142,1,1143,0,18,1,1075,0
285,1201,55,0.04579517069109076,1,0,54,1,55,0,23,0,1075,0
286,1201,687,0.5720233139050791,1,0,686,1,687,0,15,0,1075,0
287,1201,1201,1.0,1,0,1200,0,,1,18,1,1075,1
288,1201,17,0.014154870940882597,1,0,16,1,17,0,22,0,1075,0
289,1201,684,0.5695253955037469,1,0,759,2,571,0,21,0,1075,0
290,1201,1201,1.0,1,0,1200,0,,1,22,1,1075,1
291,1201,1201,1.0,1,0,1200,0,,1,23,1,1075,1
292,1201,743,0.6186511240632806,1,0,742,1,743,0,19,0,1075,0
293,1201,1201,1.0,1,0,1200,0,,1,19,1,1075,1
294,1201,1201,1.0,1,0,1200,0,,1,18,1,1075,1
295,1201,1201,1.0,1,0,1200,0,,1,21,1,1075,1
296,1201,1201,1.0,1,0,1200,0,,1,22,1,1075,1
297,1201,1201,1.0,1,0,1200,0,,1,24,1,1075,1
298,1201,466,0.38800999167360534,1,0,465,1,466,0,19,0,1075,0
299,1201,1201,1.0,1,0,1200,0,,1,21,1,1075,1
300,1201,1201,1.0,1,0,1200,0,,1,21,1,1075,1
301,1201,1201,1.0,1,0,1200,0,,1,21,1,1075,1
302,1201,1201,1.0,1,0,1200,0,,1,19,1,1075,1
303,1201,763,0.6353039134054954,1,0,762,1,763,0,19,0,1075,0
304,1201,391,0.32556203164029973,1,0,713,2,311,0,18,0,1075,0
305,1201,1201,1.0,1,0,1200,0,,1,19,1,1075,1
306,1201,1201,1.0,1,0,1200,0,,1,19,1,1075,1
307,1201,1016,0.8459616985845129,1,0,1015,1,1016,0,20,0,1075,0
308,1201,1201,1.0,1,0,1200,0,,1,19,1,1075,1
309,1201,711,0.5920066611157369,1,0,710,1,711,0,21,0,1075,0
310,1201,1201,1.0,1,0,1200,0,,1,20,1,1075,1
311,1201,1201,1.0,1,0,1200,0,,1,22,1,1075,1
312,1201,1201,1.0,1,0,1200,0,,1,18,1,1075,1
313,1201,515,0.42880932556203166,1,0,529,3,271,0,20,0,1075,0
314,1201,1201,1.0,1,0,1200,0,,1,21,1,1075,1
315,1201,1201,1.0,1,0,1200,0,,1,19,1,1075,1
316,1201,1201,1.0,1,0,1200,0,,1,20,1,1075,1
317,1201,1201,1.0,1,0,1200,0,,1,21,1,1075,1
318,1201,1201,1.0,1,0,1200,0,,1,22,1,1075,1
319,1201,1201,1.0,1,0,1200,0,,1,23,1,1075,1
320,1201,936,0.7793505412156536,1,0,935,1,936,0,18,0,1075,0
321,1201,277,0.23064113238967526,1,0,276,1,277,0,23,0,1075,0
322,1201,1201,1.0,1,0,1200,0,,1,19,1,1075,1
323,1201,676,0.5628642797668609,1,0,675,1,676,0,18,0,1075,0
324,1201,662,0.5512073272273106,1,0,661,1,662,0,15,0,1075,0
325,1201,478,0.3980016652789342,1,0,477,1,478,0,18,0,1075,0
326,1201,1201,1.0,1,0,1200,0,,1,20,1,1075,1
327,1201,1201,1.0,1,0,1200,0,,1,23,1,1075,1
328,1201,1201,1.0,1,0,1200,0,,1,20,1,1075,1
329,1201,1201,1.0,1,0,1200,0,,1,24,1,1075,1
330,1201,553,0.4604496253122398,1,0,552,1,553,0,21,0,1075,0
331,1201,798,0.6644462947543713,1,0,797,1,798,0,17,0,1075,0
332,1201,1201,1.0,1,0,1200,0,,1,22,1,1075,1
333,1201,1091,0.9084096586178185,1,0,1090,1,1091,0,19,1,1075,0
334,1201,1142,0.9508742714404663,1,0,1141,1,1142,0,21,1,1075,0
335,1201,887,0.7385512073272273,1,0,886,1,887,0,15,0,1075,0
336,1201,1201,1.0,1,0,1200,0,,1,21,1,1075,1
337,1201,1201,1.0,1,0,1200,0,,1,18,1,1075,1
338,1201,1201,1.0,1,0,1200,0,,1,18,1,1075,1
339,1201,26,0.02164862614487927,1,0,25,1,26,0,24,0,1075,0
340,1201,964,0.8026644462947544,1,0,963,1,964,0,16,0,1075,0
341,1201,1201,1.0,1,0,1200,0,,1,24,1,1075,1
342,1201,329,0.2739383846794338,1,0,328,1,329,0,16,0,1075,0
343,1201,1201,1.0,1,0,1200,0,,1,19,1,1075,1
344,1201,686,0.5711906744379683,1,0,1048,2,456,0,18,0,1075,0
345,1201,57,0.04746044962531224,1,0,56,1,57,0,20,0,1075,0
346,1201,1201,1.0,1,0,1200,0,,1,22,1,1075,1
347,1201,216,0.17985012489592006,1,0,215,1,216,0,18,0,1075,0
348,1201,846,0.704412989175687,1,0,1037,2,61,0,19,0,1075,0
349,1201,1092,0.9092422980849292,1,0,1091,1,1092,0,18,1,1075,0
350,1201,1201,1.0,1,0,1200,0,,1,18,1,1075,1
351,1201,1201,1.0,1,0,1200,0,,1,22,1,1075,1
352,1201,829,0.6902581182348043,1,0,828,1,829,0,17,0,1075,0
353,1201,1201,1.0,1,0,1200,0,,1,20,1,1075,1
354,1201,1201,1.0,1,0,1200,0,,1,19,1,1075,1
355,1201,1201,1.0,1,0,1200,0,,1,16,1,1075,1
356,1201,1201,1.0,1,0,1200,0,,1,21,1,1075,1
357,1201,1201,1.0,1,0,1200,0,,1,22,1,1075,1
358,1201,207,0.1723563696919234,1,0,206,1,207,0,21,0,1075,0
359,1201,994,0.8276436303080766,1,0,993,1,994,0,12,0,1075,0
360,1201,798,0.6644462947543713,1,0,797,1,798,0,17,0,1075,0
361,1201,1201,1.0,1,0,1200,0,,1,18,1,1075,1
362,1201,1201,1.0,1,0,1200,0,,1,22,1,1075,1
363,1201,1131,0.9417152373022482,1,0,1130,1,1131,0,17,1,1075,0
364,1201,1201,1.0,1,0,1200,0,,1,22,1,1075,1
365,1201,1201,1.0,1,0,1200,0,,1,20,1,1075,1
366,1201,602,0.5012489592006661,1,0,601,1,602,0,25,0,1075,0
367,1201,1201,1.0,1,0,1200,0,,1,22,1,1075,1
368,1201,1201,1.0,1,0,1200,0,,1,18,1,1075,1
369,1201,1201,1.0,1,0,1200,0,,1,17,1,1075,1
370,1201,1201,1.0,1,0,1200,0,,1,21,1,1075,1
371,1201,1201,1.0,1,0,1200,0,,1,20,1,1075,1
372,1201,1002,0.8343047460449625,1,0,1001,1,1002,0,19,0,1075,0
373,1201,1201,1.0,1,0,1200,0,,1,22,1,1075,1
374,1201,1201,1.0,1,0,1200,0,,1,18,1,1075,1
375,1201,1201,1.0,1,0,1200,0,,1,21,1,1075,1
376,1201,326,0.2714404662781016,1,0,325,1,326,0,12,0,1075,0
377,1201,1201,1.0,1,0,1200,0,,1,21,1,1075,1
378,1201,522,0.43463780183180684,1,0,581,3,70,0,20,0,1075,0
379,1201,1201,1.0,1,0,1200,0,,1,21,1,1075,1
380,1201,1201,1.0,1,0,1200,0,,1,19,1,1075,1
381,1201,300,0.2497918401332223,1,0,299,1,300,0,15,0,1075,0
382,1201,1201,1.0,1,0,1200,0,,1,19,1,1075,1
383,1201,1194,0.9941715237302248,1,0,1200,1,96,1,20,0,1075,0
384,1201,1201,1.0,1,0,1200,0,,1,19,1,1075,1
385,1201,488,0.4063280599500416,1,0,758,2,290,0,19,0,1075,0
386,1201,610,0.507910074937552,1,0,609,1,610,0,23,0,1075,0
387,1201,567,0.47210657785179017,1,0,566,1,567,0,16,0,1075,0
388,1201,1201,1.0,1,0,1200,0,,1,22,1,1075,1
389,1201,154,0.12822647793505412,1,0,153,1,154,0,10,0,1075,0
390,1201,1201,1.0,1,0,1200,0,,1,21,1,1075,1
391,1201,999,0.8318068276436303,1,0,998,1,999,0,18,0,1075,0
392,1201,221,0.18401332223147376,1,0,220,1,221,0,19,0,1075,0
393,1201,470,0.3913405495420483,1,0,469,1,470,0,16,0,1075,0
394,1201,1201,1.0,1,0,1200,0,,1,21,1,1075,1
395,1201,1201,1.0,1,0,1200,0,,1,22,1,1075,1
396,1201,57,0.04746044962531224,1,0,56,1,57,0,18,0,1075,0
397,1201,929,0.7735220649458784,1,0,1200,1,61,1,18,0,1075,0
398,1201,601,0.5004163197335554,1,0,600,1,601,0,17,0,1075,0
399,1201,1201,1.0,1,0,1200,0,,1,19,1,1075,1
400,1201,1201,1.0,1,0,1200,0,,1,20,1,1075,1
401,1201,1201,1.0,1,0,1200,0,,1,23,1,1075,1
402,1201,1024,0.8526228143213989,1,0,1023,1,1024,0,13,0,1075,0
403,1201,1201,1.0,1,0,1200,0,,1,14,1,1075,1
404,1201,534,0.4446294754371357,1,0,1200,3,316,1,21,0,1075,0
405,1201,1201,1.0,1,0,1200,0,,1,18,1,1075,1
406,1201,496,0.41298917568692756,1,0,495,1,496,0,22,0,1075,0
407,1201,1201,1.0,1,0,1200,0,,1,19,1,1075,1
408,1201,1201,1.0,1,0,1200,0,,1,15,1,1075,1
409,1201,1201,1.0,1,0,1200,0,,1,21,1,1075,1
410,1201,907,0.7552039966694422,1,0,906,1,907,0,18,0,1075,0
411,1201,1201,1.0,1,0,1200,0,,1,16,1,1075,1
412,1201,1201,1.0,1,0,1200,0,,1,19,1,1075,1
413,1201,508,0.42298084929225643,1,0,1191,11,183,0,23,0,1075,0
414,1201,1201,1.0,1,0,1200,0,,1,19,1,1075,1
415,1201,1201,1.0,1,0,1200,0,,1,23,1,1075,1
416,1201,1201,1.0,1,0,1200,0,,1,20,1,1075,1
417,1201,972,0.8093255620316403,1,0,971,1,972,0,22,0,1075,0
418,1201,1201,1.0,1,0,1200,0,,1,20,1,1075,1
419,1201,765,0.6369691923397169,1,0,764,1,765,0,20,0,1075,0
420,1201,1201,1.0,1,0,1200,0,,1,21,1,1075,1
421,1201,610,0.507910074937552,1,0,609,1,610,0,14,0,1075,0
422,1201,1201,1.0,1,0,1200,0,,1,17,1,1075,1
423,1201,1201,1.0,1,0,1200,0,,1,22,1,1075,1
424,1201,1201,1.0,1,0,1200,0,,1,18,1,1075,1
425,1201,1201,1.0,1,0,1200,0,,1,20,1,1075,1
426,1201,1201,1.0,1,0,1200,0,,1,23,1,1075,1
427,1201,494,0.4113238967527061,1,0,493,1,494,0,20,0,1075,0
428,1201,1201,1.0,1,0,1200,0,,1,21,1,1075,1
429,1201,1201,1.0,1,0,1200,0,,1,17,1,1075,1
430,1201,1201,1.0,1,0,1200,0,,1,16,1,1075,1
431,1201,1201,1.0,1,0,1200,0,,1,20,1,1075,1
432,1201,1201,1.0,1,0,1200,0,,1,24,1,1075,1
433,1201,1201,1.0,1,0,1200,0,,1,22,1,1075,1
434,1201,73,0.06078268109908409,1,0,72,1,73,0,19,0,1075,0
435,1201,1201,1.0,1,0,1200,0,,1,20,1,1075,1
436,1201,1201,1.0,1,0,1200,0,,1,22,1,1075,1
437,1201,903,0.7518734388009992,1,0,902,1,903,0,22,0,1075,0
438,1201,1201,1.0,1,0,1200,0,,1,18,1,1075,1
439,1201,1201,1.0,1,0,1200,0,,1,18,1,1075,1
440,1201,1201,1.0,1,0,1200,0,,1,22,1,1075,1
441,1201,1201,1.0,1,0,1200,0,,1,17,1,1075,1
442,1201,406,0.33805162364696084,1,0,405,1,406,0,17,0,1075,0
443,1201,1201,1.0,1,0,1200,0,,1,23,1,1075,1
444,1201,1201,1.0,1,0,1200,0,,1,19,1,1075,1
445,1201,1201,1.0,1,0,1200,0,,1,22,1,1075,1
446,1201,584,0.48626144879267275,1,0,583,1,584,0,19,0,1075,0
447,1201,1201,1.0,1,0,1200,0,,1,20,1,1075,1
448,1201,1201,1.0,1,0,1200,0,,1,21,1,1075,1
449,1201,1201,1.0,1,0,1200,0,,1,19,1,1075,1
450,1201,1201,1.0,1,0,1200,0,,1,24,1,1075,1
451,1201,1201,1.0,1,0,1200,0,,1,21,1,1075,1
452,1201,1201,1.0,1,0,1200,0,,1,18,1,1075,1
453,1201,1201,1.0,1,0,1200,0,,1,21,1,1075,1
454,1201,1201,1.0,1,0,1200,0,,1,19,1,1075,1
455,1201,1201,1.0,1,0,1200,0,,1,21,1,1075,1
456,1201,156,0.1298917568692756,1,0,155,1,156,0,19,0,1075,0
457,1201,204,0.16985845129059118,1,0,203,1,204,0,17,0,1075,0
458,1201,1201,1.0,1,0,1200,0,,1,24,1,1075,1
459,1201,1146,0.9542048293089093,1,0,1173,2,48,0,20,0,1075,0
460,1201,1201,1.0,1,0,1200,0,,1,23,1,1075,1
461,1201,1201,1.0,1,0,1200,0,,1,18,1,1075,1
462,1201,1201,1.0,1,0,1200,0,,1,23,1,1075,1
463,1201,998,0.8309741881765196,1,0,997,1,998,0,20,0,1075,0
464,1201,1201,1.0,1,0,1200,0,,1,21,1,1075,1
465,1201,1201,1.0,1,0,1200,0,,1,21,1,1075,1
466,1201,1201,1.0,1,0,1200,0,,1,21,1,1075,1
467,1201,539,0.4487926727726894,1,0,538,1,539,0,9,0,1075,0
468,1201,1201,1.0,1,0,1200,0,,1,20,1,1075,1
469,1201,1201,1.0,1,0,1200,0,,1,16,1,1075,1
470,1201,1201,1.0,1,0,1200,0,,1,21,1,1075,1
471,1201,1201,1.0,1,0,1200,0,,1,22,1,1075,1
472,1201,1201,1.0,1,0,1200,0,,1,23,1,1075,1
473,1201,1201,1.0,1,0,1200,0,,1,23,1,1075,1
474,1201,1201,1.0,1,0,1200,0,,1,21,1,1075,1
475,1201,1201,1.0,1,0,1200,0,,1,20,1,1075,1
476,1201,946,0.787676935886761,1,0,945,1,946,0,20,0,1075,0
477,1201,1201,1.0,1,0,1200,0,,1,20,1,1075,1
478,1201,608,0.5062447960033306,1,0,1142,3,284,0,19,0,1075,0
479,1201,982,0.8176519567027477,1,0,1200,1,85,1,22,0,1075,0
480,1201,191,0.15903413821815154,1,0,190,1,191,0,20,0,1075,0
481,1201,425,0.35387177352206495,1,0,424,1,425,0,21,0,1075,0
482,1201,1201,1.0,1,0,1200,0,,1,23,1,1075,1
483,1201,923,0.768526228143214,1,0,922,1,923,0,24,0,1075,0
484,1201,1201,1.0,1,0,1200,0,,1,20,1,1075,1
485,1201,722,0.601165695253955,1,0,721,1,722,0,21,0,1075,0
486,1201,1201,1.0,1,0,1200,0,,1,15,1,1075,1
487,1201,1201,1.0,1,0,1200,0,,1,17,1,1075,1
488,1201,1201,1.0,1,0,1200,0,,1,15,1,1075,1
489,1201,1201,1.0,1,0,1200,0,,1,20,1,1075,1
490,1201,812,0.6761032472939217,1,0,811,1,812,0,21,0,1075,0
491,1201,1201,1.0,1,0,1200,0,,1,8,1,1075,1
492,1201,1201,1.0,1,0,1200,0,,1,21,1,1075,1
493,1201,1201,1.0,1,0,1200,0,,1,21,1,1075,1
494,1201,383,0.3189009159034138,1,0,382,1,383,0,20,0,1075,0
495,1201,1201,1.0,1,0,1200,0,,1,14,1,1075,1
496,1201,1201,1.0,1,0,1200,0,,1,16,1,1075,1
497,1201,1201,1.0,1,0,1200,0,,1,23,1,1075,1
498,1201,1201,1.0,1,0,1200,0,,1,25,1,1075,1
499,1201,756,0.6294754371357202,1,0,755,1,756,0,17,0,1075,0
500,1201,933,0.7768526228143214,1,0,1200,1,444,1,15,0,1075,0
501,1201,415,0.34554537885095754,1,0,414,1,415,0,18,0,1075,0
502,1201,1140,0.9492089925062448,1,0,1139,1,1140,0,21,1,1075,0
503,1201,1201,1.0,1,0,1200,0,,1,15,1,1075,1
504,1201,1201,1.0,1,0,1200,0,,1,19,1,1075,1
505,1201,716,0.5961698584512906,1,0,715,1,716,0,18,0,1075,0
506,1201,1201,1.0,1,0,1200,0,,1,22,1,1075,1
507,1201,1060,0.8825978351373855,1,0,1059,1,1060,0,12,0,1075,0
508,1201,1201,1.0,1,0,1200,0,,1,21,1,1075,1
509,1201,1201,1.0,1,0,1200,0,,1,18,1,1075,1
510,1201,167,0.13905079100749376,1,0,166,1,167,0,20,0,1075,0
511,1201,1201,1.0,1,0,1200,0,,1,21,1,1075,1
